Sector,Tag
Sports,Domain
Communications & Social Media,Domain
Top Binance Smart Chain Tokens by Market Capitalization,Market
Lending & Borrowing,Component
Web3,Component
Masternodes,Coin Type
Entertainment,Domain
Media,Domain
Events,Domain
Research,Domain
Coinbase Ventures Portfolio,Ventures
Logistics,Domain
BlueZilla,Others
DeFi Index,Component
Polkastarter,Launchpad
Insurance,Domain
Cybersecurity,Domain
Doggone Doggerel,Others
Marketing,Domain
Identity,Component
Content Creation,Domain
AI & Big Data,Domain
IoT,Domain
Framework Ventures Portfolio,Ventures
Oracles,Component
Yearn Partnerships,Component
Derivatives,Component
Fenbushi Capital Portfolio,Ventures
Icetea Labs,Maker
DAO Maker,Coin Type
Rebase,Coin Type
Centralized Exchange,Domain
Top NFTs & Collectibles Tokens by Market Capitalization,Market
Asset Management,Component
Transport,Domain
Smart Contracts,Coin Type
Privacy,Domain
a16z Portfolio,Ventures
BullPerks Launchpad,Launchpad
Binance Launchpad,Launchpad
DeFi 2.0,Component
ParaFi Capital,Ventures
Memes,Component
DuckSTARTER,Launchpad
Play To Earn,Component
E-commerce,Domain
Yield Aggregator,Component
Hospitality,Domain
Gaming,Domain
Yield Farming,Component
Exnetwork Capital Portfolio,Ventures
Winklevoss Capital Portfolio,Ventures
MVB,Others
Galaxy Digital Portfolio,Ventures
Celo Ecosystem,Platform
Decentralized Exchange,Domain
PetRock Capital Portfolio,Ventures
Sharing Economy,Domain
Stablecoin,Component
Loyalty,Domain
DeFiance Capital Portfolio,Ventures
Top Polkadot Tokens by Market Capitalization,Market
Health,Domain
Fan Token,Component
Seigniorage,Others
Paradigm Portfolio,Ventures
ETH 2.0 Staking,Others
Hacken Foundation,Ventures
DCG Portfolio,Ventures
Pantera Capital Portfolio,Ventures
Wrapped Tokens,Component
Gambling,Domain
Tourism,Domain
Real Estate,Domain
Top Storage Tokens by Market Capitalization,Market
BoostVC Portfolio,Ventures
Music,Domain
Options,Domain
Ethereum Ecosystem,Platform
Placeholder Ventures Portfolio,Ventures
Harmony Ecosystem,Platform
DAO,Component
Ferrum Network,Others
Fantom Ecosystem,Platform
Binance Launchpool,Launchpad
Arrington XRP Capital Portfolio,Ventures
Scaling,Domain
Video,Domain
Alameda Research Portfolio,Ventures
Multicoin Capital Portfolio,Ventures
Farastarter,Launchpad
AMM,Component
K300 Ventures Portfolio,Ventures
Heco Ecosystem,Platform
Aave Tokens,Others
Top DeFi Tokens by Market Capitalization,Market
Terra Ecosystem,Platform
Poolz Finance Portfolio,Ventures
Analytics,Domain
TRON Ecosystem,Platform
Polychain Capital Portfolio,Ventures
Cardano Ecosystem,Platform
Jobs,Domain
Genpad,Launchpad
LedgerPrime Portfolio,Ventures
Animoca Brands Portfolio,Ventures
Filesharing,Component
Protocol-Owned Liquidity,Component
Binance Labs Portfolio,Ventures
DragonFly Capital Portfolio,Ventures
Near Protocol Ecosystem,Platform
VR/AR,Domain
Hashkey Capital Portfolio,Ventures
Interoperability,Component
Chromia Ecosystem,Platform
Polygon Ecosystem,Platform
USV Portfolio,Ventures
Kinetic Capital Portfolio,Ventures
Olympus Pro Ecosystem,Platform
Retail,Domain
PolkaFoundry Red Kite,Launchpad
Blockchain Capital Portfolio,Ventures
CMS Holdings Portfolio,Ventures
Solana Ecosystem,Platform
Huobi Capital Portfolio,Ventures
Distributed Computing,Domain
Synthetics,Component
Trustswap Launchpad,Launchpad
Avalanche Ecosystem,Platform
Energy,Domain
Electric Global Portfolio,Ventures
Social Money,Domain
1Confirmation Portfolio,Ventures
Bounce Launchpad,Launchpad
Launchpad,Others
Coinfund Portfolio,Ventures
Moon Knight Labs,Ventures
Tokenized Stock,Component
Three Arrows Capital Portfolio,Ventures
LaunchZone,Launchpad
Cosmos Ecosystem,Platform
Fabric Ventures Portfolio,Ventures
Metaverse,Component
Education,Domain